{
    "nodes": [
        [
            [39.6242718446602, 41.79563106796117],
            [82.19514563106796, 36.657766990291265],
            [100.17766990291263, 78.49466019417476],
            [87.70000000000002, 97.21116504854369],
            [51.000970873786414, 79.9626213592233],
            [39.6242718446602, 41.79563106796117]
        ]
    ],
    "image_shape": [126, 126],
    "padder": [[0, 0], [0, 0]]
}
